{"url":"https://api.github.com/repos/Repo3DS/shop-cache/releases/6333008","assets_url":"https://api.github.com/repos/Repo3DS/shop-cache/releases/6333008/assets","upload_url":"https://uploads.github.com/repos/Repo3DS/shop-cache/releases/6333008/assets{?name,label}","html_url":"https://github.com/Repo3DS/shop-cache/releases/tag/r54","id":6333008,"tag_name":"r54","target_commitish":"master","name":null,"draft":false,"author":{"login":"Cruel","id":383999,"avatar_url":"https://avatars2.githubusercontent.com/u/383999?v=3","gravatar_id":"","url":"https://api.github.com/users/Cruel","html_url":"https://github.com/Cruel","followers_url":"https://api.github.com/users/Cruel/followers","following_url":"https://api.github.com/users/Cruel/following{/other_user}","gists_url":"https://api.github.com/users/Cruel/gists{/gist_id}","starred_url":"https://api.github.com/users/Cruel/starred{/owner}{/repo}","subscriptions_url":"https://api.github.com/users/Cruel/subscriptions","organizations_url":"https://api.github.com/users/Cruel/orgs","repos_url":"https://api.github.com/users/Cruel/repos","events_url":"https://api.github.com/users/Cruel/events{/privacy}","received_events_url":"https://api.github.com/users/Cruel/received_events","type":"User","site_admin":false},"prerelease":false,"created_at":"2017-05-10T01:42:17Z","published_at":"2017-05-10T01:57:18Z","assets":[{"url":"https://api.github.com/repos/Repo3DS/shop-cache/releases/assets/3838782","id":3838782,"name":"cache-r54-etc1.tar.gz","label":"","uploader":{"login":"Cruel","id":383999,"avatar_url":"https://avatars2.githubusercontent.com/u/383999?v=3","gravatar_id":"","url":"https://api.github.com/users/Cruel","html_url":"https://github.com/Cruel","followers_url":"https://api.github.com/users/Cruel/followers","following_url":"https://api.github.com/users/Cruel/following{/other_user}","gists_url":"https://api.github.com/users/Cruel/gists{/gist_id}","starred_url":"https://api.github.com/users/Cruel/starred{/owner}{/repo}","subscriptions_url":"https://api.github.com/users/Cruel/subscriptions","organizations_url":"https://api.github.com/users/Cruel/orgs","repos_url":"https://api.github.com/users/Cruel/repos","events_url":"https://api.github.com/users/Cruel/events{/privacy}","received_events_url":"https://api.github.com/users/Cruel/received_events","type":"User","site_admin":false},"content_type":"application/gzip","state":"uploaded","size":1999366,"download_count":15883,"created_at":"2017-05-10T01:57:18Z","updated_at":"2017-05-10T01:57:18Z","browser_download_url":"https://github.com/Repo3DS/shop-cache/releases/download/r54/cache-r54-etc1.tar.gz"},{"url":"https://api.github.com/repos/Repo3DS/shop-cache/releases/assets/3838780","id":3838780,"name":"cache-r54-jpg.tar.gz","label":"","uploader":{"login":"Cruel","id":383999,"avatar_url":"https://avatars2.githubusercontent.com/u/383999?v=3","gravatar_id":"","url":"https://api.github.com/users/Cruel","html_url":"https://github.com/Cruel","followers_url":"https://api.github.com/users/Cruel/followers","following_url":"https://api.github.com/users/Cruel/following{/other_user}","gists_url":"https://api.github.com/users/Cruel/gists{/gist_id}","starred_url":"https://api.github.com/users/Cruel/starred{/owner}{/repo}","subscriptions_url":"https://api.github.com/users/Cruel/subscriptions","organizations_url":"https://api.github.com/users/Cruel/orgs","repos_url":"https://api.github.com/users/Cruel/repos","events_url":"https://api.github.com/users/Cruel/events{/privacy}","received_events_url":"https://api.github.com/users/Cruel/received_events","type":"User","site_admin":false},"content_type":"application/gzip","state":"uploaded","size":2427739,"download_count":1,"created_at":"2017-05-10T01:57:17Z","updated_at":"2017-05-10T01:57:17Z","browser_download_url":"https://github.com/Repo3DS/shop-cache/releases/download/r54/cache-r54-jpg.tar.gz"},{"url":"https://api.github.com/repos/Repo3DS/shop-cache/releases/assets/3838781","id":3838781,"name":"cache-r54-png.tar.gz","label":"","uploader":{"login":"Cruel","id":383999,"avatar_url":"https://avatars2.githubusercontent.com/u/383999?v=3","gravatar_id":"","url":"https://api.github.com/users/Cruel","html_url":"https://github.com/Cruel","followers_url":"https://api.github.com/users/Cruel/followers","following_url":"https://api.github.com/users/Cruel/following{/other_user}","gists_url":"https://api.github.com/users/Cruel/gists{/gist_id}","starred_url":"https://api.github.com/users/Cruel/starred{/owner}{/repo}","subscriptions_url":"https://api.github.com/users/Cruel/subscriptions","organizations_url":"https://api.github.com/users/Cruel/orgs","repos_url":"https://api.github.com/users/Cruel/repos","events_url":"https://api.github.com/users/Cruel/events{/privacy}","received_events_url":"https://api.github.com/users/Cruel/received_events","type":"User","site_admin":false},"content_type":"application/gzip","state":"uploaded","size":7362836,"download_count":0,"created_at":"2017-05-10T01:57:18Z","updated_at":"2017-05-10T01:57:18Z","browser_download_url":"https://github.com/Repo3DS/shop-cache/releases/download/r54/cache-r54-png.tar.gz"}],"tarball_url":"https://api.github.com/repos/Repo3DS/shop-cache/tarball/r54","zipball_url":"https://api.github.com/repos/Repo3DS/shop-cache/zipball/r54","body":null}