{"url":"https://api.github.com/repos/Repo3DS/shop-cache/releases/6410744","assets_url":"https://api.github.com/repos/Repo3DS/shop-cache/releases/6410744/assets","upload_url":"https://uploads.github.com/repos/Repo3DS/shop-cache/releases/6410744/assets{?name,label}","html_url":"https://github.com/Repo3DS/shop-cache/releases/tag/r55","id":6410744,"tag_name":"r55","target_commitish":"master","name":null,"draft":false,"author":{"login":"Cruel","id":383999,"avatar_url":"https://avatars2.githubusercontent.com/u/383999?v=3","gravatar_id":"","url":"https://api.github.com/users/Cruel","html_url":"https://github.com/Cruel","followers_url":"https://api.github.com/users/Cruel/followers","following_url":"https://api.github.com/users/Cruel/following{/other_user}","gists_url":"https://api.github.com/users/Cruel/gists{/gist_id}","starred_url":"https://api.github.com/users/Cruel/starred{/owner}{/repo}","subscriptions_url":"https://api.github.com/users/Cruel/subscriptions","organizations_url":"https://api.github.com/users/Cruel/orgs","repos_url":"https://api.github.com/users/Cruel/repos","events_url":"https://api.github.com/users/Cruel/events{/privacy}","received_events_url":"https://api.github.com/users/Cruel/received_events","type":"User","site_admin":false},"prerelease":false,"created_at":"2017-05-17T05:38:41Z","published_at":"2017-05-17T05:45:48Z","assets":[{"url":"https://api.github.com/repos/Repo3DS/shop-cache/releases/assets/3891998","id":3891998,"name":"cache-r55-etc1.tar.gz","label":"","uploader":{"login":"Cruel","id":383999,"avatar_url":"https://avatars2.githubusercontent.com/u/383999?v=3","gravatar_id":"","url":"https://api.github.com/users/Cruel","html_url":"https://github.com/Cruel","followers_url":"https://api.github.com/users/Cruel/followers","following_url":"https://api.github.com/users/Cruel/following{/other_user}","gists_url":"https://api.github.com/users/Cruel/gists{/gist_id}","starred_url":"https://api.github.com/users/Cruel/starred{/owner}{/repo}","subscriptions_url":"https://api.github.com/users/Cruel/subscriptions","organizations_url":"https://api.github.com/users/Cruel/orgs","repos_url":"https://api.github.com/users/Cruel/repos","events_url":"https://api.github.com/users/Cruel/events{/privacy}","received_events_url":"https://api.github.com/users/Cruel/received_events","type":"User","site_admin":false},"content_type":"application/gzip","state":"uploaded","size":2000789,"download_count":47427,"created_at":"2017-05-17T05:45:48Z","updated_at":"2017-05-17T05:45:48Z","browser_download_url":"https://github.com/Repo3DS/shop-cache/releases/download/r55/cache-r55-etc1.tar.gz"},{"url":"https://api.github.com/repos/Repo3DS/shop-cache/releases/assets/3891996","id":3891996,"name":"cache-r55-jpg.tar.gz","label":"","uploader":{"login":"Cruel","id":383999,"avatar_url":"https://avatars2.githubusercontent.com/u/383999?v=3","gravatar_id":"","url":"https://api.github.com/users/Cruel","html_url":"https://github.com/Cruel","followers_url":"https://api.github.com/users/Cruel/followers","following_url":"https://api.github.com/users/Cruel/following{/other_user}","gists_url":"https://api.github.com/users/Cruel/gists{/gist_id}","starred_url":"https://api.github.com/users/Cruel/starred{/owner}{/repo}","subscriptions_url":"https://api.github.com/users/Cruel/subscriptions","organizations_url":"https://api.github.com/users/Cruel/orgs","repos_url":"https://api.github.com/users/Cruel/repos","events_url":"https://api.github.com/users/Cruel/events{/privacy}","received_events_url":"https://api.github.com/users/Cruel/received_events","type":"User","site_admin":false},"content_type":"application/gzip","state":"uploaded","size":2428646,"download_count":31,"created_at":"2017-05-17T05:45:47Z","updated_at":"2017-05-17T05:45:47Z","browser_download_url":"https://github.com/Repo3DS/shop-cache/releases/download/r55/cache-r55-jpg.tar.gz"},{"url":"https://api.github.com/repos/Repo3DS/shop-cache/releases/assets/3891997","id":3891997,"name":"cache-r55-png.tar.gz","label":"","uploader":{"login":"Cruel","id":383999,"avatar_url":"https://avatars2.githubusercontent.com/u/383999?v=3","gravatar_id":"","url":"https://api.github.com/users/Cruel","html_url":"https://github.com/Cruel","followers_url":"https://api.github.com/users/Cruel/followers","following_url":"https://api.github.com/users/Cruel/following{/other_user}","gists_url":"https://api.github.com/users/Cruel/gists{/gist_id}","starred_url":"https://api.github.com/users/Cruel/starred{/owner}{/repo}","subscriptions_url":"https://api.github.com/users/Cruel/subscriptions","organizations_url":"https://api.github.com/users/Cruel/orgs","repos_url":"https://api.github.com/users/Cruel/repos","events_url":"https://api.github.com/users/Cruel/events{/privacy}","received_events_url":"https://api.github.com/users/Cruel/received_events","type":"User","site_admin":false},"content_type":"application/gzip","state":"uploaded","size":7361487,"download_count":6,"created_at":"2017-05-17T05:45:47Z","updated_at":"2017-05-17T05:45:48Z","browser_download_url":"https://github.com/Repo3DS/shop-cache/releases/download/r55/cache-r55-png.tar.gz"}],"tarball_url":"https://api.github.com/repos/Repo3DS/shop-cache/tarball/r55","zipball_url":"https://api.github.com/repos/Repo3DS/shop-cache/zipball/r55","body":null}