{"genres":{"genre":[{"name":"Arcade","id":2},{"name":"Action","id":3},{"name":"Adventure","id":4},{"name":"Fighting","id":5},{"name":"Puzzle","id":6},{"name":"Racing","id":7},{"name":"RPG","id":8},{"name":"Simulation","id":9},{"name":"Sports","id":10},{"name":"Shooter","id":11},{"name":"Board Game","id":12},{"name":"Strategy","id":13},{"name":"First-Person Shooter","id":14},{"name":"Education","id":15},{"name":"Platformer","id":16},{"name":"Other","id":17},{"name":"Training","id":61},{"name":"Study","id":81},{"name":"Practical","id":82},{"name":"Communication","id":84},{"name":"Music","id":85},{"name":"Utility","id":86},{"name":"Lifestyle","id":88},{"name":"Multiplayer","id":92},{"name":"Video","id":94},{"name":"Updates","id":109}],"length":26}}