{"url":"https://api.github.com/repos/Repo3DS/shop-cache/releases/7089147","assets_url":"https://api.github.com/repos/Repo3DS/shop-cache/releases/7089147/assets","upload_url":"https://uploads.github.com/repos/Repo3DS/shop-cache/releases/7089147/assets{?name,label}","html_url":"https://github.com/Repo3DS/shop-cache/releases/tag/r62","id":7089147,"tag_name":"r62","target_commitish":"master","name":null,"draft":false,"author":{"login":"Cruel","id":383999,"avatar_url":"https://avatars1.githubusercontent.com/u/383999?v=4","gravatar_id":"","url":"https://api.github.com/users/Cruel","html_url":"https://github.com/Cruel","followers_url":"https://api.github.com/users/Cruel/followers","following_url":"https://api.github.com/users/Cruel/following{/other_user}","gists_url":"https://api.github.com/users/Cruel/gists{/gist_id}","starred_url":"https://api.github.com/users/Cruel/starred{/owner}{/repo}","subscriptions_url":"https://api.github.com/users/Cruel/subscriptions","organizations_url":"https://api.github.com/users/Cruel/orgs","repos_url":"https://api.github.com/users/Cruel/repos","events_url":"https://api.github.com/users/Cruel/events{/privacy}","received_events_url":"https://api.github.com/users/Cruel/received_events","type":"User","site_admin":false},"prerelease":false,"created_at":"2017-07-19T05:51:23Z","published_at":"2017-07-19T06:01:21Z","assets":[{"url":"https://api.github.com/repos/Repo3DS/shop-cache/releases/assets/4360749","id":4360749,"name":"cache-r62-etc1.tar.gz","label":"","uploader":{"login":"Cruel","id":383999,"avatar_url":"https://avatars1.githubusercontent.com/u/383999?v=4","gravatar_id":"","url":"https://api.github.com/users/Cruel","html_url":"https://github.com/Cruel","followers_url":"https://api.github.com/users/Cruel/followers","following_url":"https://api.github.com/users/Cruel/following{/other_user}","gists_url":"https://api.github.com/users/Cruel/gists{/gist_id}","starred_url":"https://api.github.com/users/Cruel/starred{/owner}{/repo}","subscriptions_url":"https://api.github.com/users/Cruel/subscriptions","organizations_url":"https://api.github.com/users/Cruel/orgs","repos_url":"https://api.github.com/users/Cruel/repos","events_url":"https://api.github.com/users/Cruel/events{/privacy}","received_events_url":"https://api.github.com/users/Cruel/received_events","type":"User","site_admin":false},"content_type":"application/gzip","state":"uploaded","size":2093033,"download_count":99974,"created_at":"2017-07-19T06:01:21Z","updated_at":"2017-07-19T06:01:21Z","browser_download_url":"https://github.com/Repo3DS/shop-cache/releases/download/r62/cache-r62-etc1.tar.gz"},{"url":"https://api.github.com/repos/Repo3DS/shop-cache/releases/assets/4360745","id":4360745,"name":"cache-r62-jpg.tar.gz","label":"","uploader":{"login":"Cruel","id":383999,"avatar_url":"https://avatars1.githubusercontent.com/u/383999?v=4","gravatar_id":"","url":"https://api.github.com/users/Cruel","html_url":"https://github.com/Cruel","followers_url":"https://api.github.com/users/Cruel/followers","following_url":"https://api.github.com/users/Cruel/following{/other_user}","gists_url":"https://api.github.com/users/Cruel/gists{/gist_id}","starred_url":"https://api.github.com/users/Cruel/starred{/owner}{/repo}","subscriptions_url":"https://api.github.com/users/Cruel/subscriptions","organizations_url":"https://api.github.com/users/Cruel/orgs","repos_url":"https://api.github.com/users/Cruel/repos","events_url":"https://api.github.com/users/Cruel/events{/privacy}","received_events_url":"https://api.github.com/users/Cruel/received_events","type":"User","site_admin":false},"content_type":"application/gzip","state":"uploaded","size":2540257,"download_count":10,"created_at":"2017-07-19T06:01:19Z","updated_at":"2017-07-19T06:01:19Z","browser_download_url":"https://github.com/Repo3DS/shop-cache/releases/download/r62/cache-r62-jpg.tar.gz"},{"url":"https://api.github.com/repos/Repo3DS/shop-cache/releases/assets/4360747","id":4360747,"name":"cache-r62-png.tar.gz","label":"","uploader":{"login":"Cruel","id":383999,"avatar_url":"https://avatars1.githubusercontent.com/u/383999?v=4","gravatar_id":"","url":"https://api.github.com/users/Cruel","html_url":"https://github.com/Cruel","followers_url":"https://api.github.com/users/Cruel/followers","following_url":"https://api.github.com/users/Cruel/following{/other_user}","gists_url":"https://api.github.com/users/Cruel/gists{/gist_id}","starred_url":"https://api.github.com/users/Cruel/starred{/owner}{/repo}","subscriptions_url":"https://api.github.com/users/Cruel/subscriptions","organizations_url":"https://api.github.com/users/Cruel/orgs","repos_url":"https://api.github.com/users/Cruel/repos","events_url":"https://api.github.com/users/Cruel/events{/privacy}","received_events_url":"https://api.github.com/users/Cruel/received_events","type":"User","site_admin":false},"content_type":"application/gzip","state":"uploaded","size":7698850,"download_count":10,"created_at":"2017-07-19T06:01:20Z","updated_at":"2017-07-19T06:01:20Z","browser_download_url":"https://github.com/Repo3DS/shop-cache/releases/download/r62/cache-r62-png.tar.gz"}],"tarball_url":"https://api.github.com/repos/Repo3DS/shop-cache/tarball/r62","zipball_url":"https://api.github.com/repos/Repo3DS/shop-cache/zipball/r62","body":null}